{"cameraMode":{"drawMode":0,"name":"Shaded","section":"Shading Mode"},"sceneLighting":true,"audioPlay":false,"sceneViewState":{"showFog":true,"showMaterialUpdate":false,"showSkybox":true,"showFlares":true,"showImageEffects":true,"showParticleSystems":true,"showVisualEffectGraphs":true,"m_FxEnabled":true},"in2DMode":false,"pivot":{"x":-0.09627038240432739,"y":0.6529583930969238,"z":-1.0540505647659302},"rotation":{"x":-0.058400630950927737,"y":0.9369357824325562,"z":-0.2870686948299408,"w":-0.190608412027359},"size":2.6191513538360597,"orthographic":false}