{"cameraMode":{"drawMode":0,"name":"Shaded","section":"Shading Mode"},"sceneLighting":false,"audioPlay":false,"sceneViewState":{"showFog":true,"showMaterialUpdate":false,"showSkybox":false,"showFlares":true,"showImageEffects":true,"showParticleSystems":true},"in2DMode":false,"pivot":{"x":36.062679290771487,"y":-0.3529233932495117,"z":34.01738739013672},"rotation":{"x":0.1291687935590744,"y":0.0742984265089035,"z":-0.009705895557999611,"w":0.9887874722480774},"size":60.07900619506836,"orthographic":true}